name,line
 Javivivivu," JEZUUUU
 Estás libre?"
 Jdlmd," JAVIVIIIII
 ESTOY LIBRE"
 Javivivivu," Las siguientes líneas desde aquí se omiten por motivos obvios xD
 JEZUUUU
 Estás libre?"
 Jdlmd," JAVIVIIIII
 ESTOY LIBRE"
 Javivivivu," Las siguientes líneas desde aquí se omiten por motivos obvios xD
 JEZUUUU
 Estás libre?"
 Jdlmd," JAVIVIIIII
 ESTOY LIBRE"
 Javivivivu," Las siguientes líneas desde aquí se omiten por motivos obvios xD
 JEZUUUU
 Estás libre?"
 Jdlmd," JAVIVIIIII
 ESTOY LIBRE"
 Javivivivu," Las siguientes líneas desde aquí se omiten por motivos obvios xD
 JEZUUUU
 Estás libre?"
 Jdlmd," JAVIVIIIII
 ESTOY LIBRE"
 Javivivivu," Las siguientes líneas desde aquí se omiten por motivos obvios xD
 JEZUUUU
 Estás libre?"
 Jdlmd," JAVIVIIIII
 ESTOY LIBRE"
 Javivivivu," Las siguientes líneas desde aquí se omiten por motivos obvios xD
 JEZUUUU
 Estás libre?"
 Jdlmd," JAVIVIIIII
 ESTOY LIBRE"
 Javivivivu," Las siguientes líneas desde aquí se omiten por motivos obvios xD
 JEZUUUU
 Estás libre?"
 Jdlmd," JAVIVIIIII
 ESTOY LIBRE"
 Javivivivu," Las siguientes líneas desde aquí se omiten por motivos obvios xD
 JEZUUUU
 Estás libre?"
 Jdlmd," JAVIVIIIII
 ESTOY LIBRE"
 Javivivivu," Las siguientes líneas desde aquí se omiten por motivos obvios xD
 JEZUUUU
 Estás libre?"
 Jdlmd," JAVIVIIIII
 ESTOY LIBRE"
 Javivivivu," Las siguientes líneas desde aquí se omiten por motivos obvios xD
 JEZUUUU
 Estás libre?"
 Jdlmd," JAVIVIIIII
 ESTOY LIBRE"
 Javivivivu," Las siguientes líneas desde aquí se omiten por motivos obvios xD
 JEZUUUU
 Estás libre?"
 Jdlmd," JAVIVIIIII
 ESTOY LIBRE"
 Javivivivu," Las siguientes líneas desde aquí se omiten por motivos obvios xD
 JEZUUUU
 Estás libre?"
 Jdlmd," JAVIVIIIII
 ESTOY LIBRE"
 Javivivivu," Las siguientes líneas desde aquí se omiten por motivos obvios xD
 JEZUUUU
 Estás libre?"
 Jdlmd," JAVIVIIIII
 ESTOY LIBRE"
 Javivivivu," Las siguientes líneas desde aquí se omiten por motivos obvios xD
 JEZUUUU
 Estás libre?"
 Jdlmd," JAVIVIIIII
 ESTOY LIBRE"
 Javivivivu," Las siguientes líneas desde aquí se omiten por motivos obvios xD
 JEZUUUU
 Estás libre?"
 Jdlmd," JAVIVIIIII
 ESTOY LIBRE"
 Javivivivu," Las siguientes líneas desde aquí se omiten por motivos obvios xD
 JEZUUUU
 Estás libre?"
 Jdlmd," JAVIVIIIII
 ESTOY LIBRE"
 Javivivivu," Las siguientes líneas desde aquí se omiten por motivos obvios xD
 JEZUUUU
 Estás libre?"
 Jdlmd," JAVIVIIIII
 ESTOY LIBRE"
 Javivivivu," Las siguientes líneas desde aquí se omiten por motivos obvios xD
 JEZUUUU
 Estás libre?"
 Jdlmd," JAVIVIIIII
 ESTOY LIBRE"
 Javivivivu," Las siguientes líneas desde aquí se omiten por motivos obvios xD
 JEZUUUU
 Estás libre?"
 Jdlmd," JAVIVIIIII
 ESTOY LIBRE"
 Javivivivu," Las siguientes líneas desde aquí se omiten por motivos obvios xD
 JEZUUUU
 Estás libre?"
 Jdlmd," JAVIVIIIII
 ESTOY LIBRE"
 Javivivivu," Las siguientes líneas desde aquí se omiten por motivos obvios xD
 JEZUUUU
 Estás libre?"
 Jdlmd," JAVIVIIIII
 ESTOY LIBRE"
 Javivivivu," Las siguientes líneas desde aquí se omiten por motivos obvios xD
 JEZUUUU
 Estás libre?"
 Jdlmd," JAVIVIIIII
 ESTOY LIBRE"
 Javivivivu," Las siguientes líneas desde aquí se omiten por motivos obvios xD
 JEZUUUU
 Estás libre?"
 Jdlmd," JAVIVIIIII
 ESTOY LIBRE"
 Javivivivu," Las siguientes líneas desde aquí se omiten por motivos obvios xD
 JEZUUUU
 Estás libre?"
 Jdlmd," JAVIVIIIII
 ESTOY LIBRE"
 Javivivivu," Las siguientes líneas desde aquí se omiten por motivos obvios xD
 JEZUUUU
 Estás libre?"
 Jdlmd," JAVIVIIIII
 ESTOY LIBRE"
 Javivivivu," Las siguientes líneas desde aquí se omiten por motivos obvios xD
 JEZUUUU
 Estás libre?"
 Jdlmd," JAVIVIIIII
 ESTOY LIBRE"
 Javivivivu," Las siguientes líneas desde aquí se omiten por motivos obvios xD
 JEZUUUU
 Estás libre?"
 Jdlmd," JAVIVIIIII
 ESTOY LIBRE"
 Javivivivu," Las siguientes líneas desde aquí se omiten por motivos obvios xD
 JEZUUUU
 Estás libre?"
 Jdlmd," JAVIVIIIII
 ESTOY LIBRE"
 Javivivivu," Las siguientes líneas desde aquí se omiten por motivos obvios xD
 JEZUUUU
 Estás libre?"
 Jdlmd," JAVIVIIIII
 ESTOY LIBRE"
 Javivivivu," Las siguientes líneas desde aquí se omiten por motivos obvios xD
 JEZUUUU
 Estás libre?"
 Jdlmd," JAVIVIIIII
 ESTOY LIBRE"
 Javivivivu," Las siguientes líneas desde aquí se omiten por motivos obvios xD
 JEZUUUU
 Estás libre?"
 Jdlmd," JAVIVIIIII
 ESTOY LIBRE"
 Javivivivu," Las siguientes líneas desde aquí se omiten por motivos obvios xD
 JEZUUUU
 Estás libre?"
 Jdlmd," JAVIVIIIII
 ESTOY LIBRE"
 Javivivivu," Las siguientes líneas desde aquí se omiten por motivos obvios xD
 JEZUUUU
 Estás libre?"
 Jdlmd," JAVIVIIIII
 ESTOY LIBRE"
 Javivivivu," Las siguientes líneas desde aquí se omiten por motivos obvios xD
 JEZUUUU
 Estás libre?"
 Jdlmd," JAVIVIIIII
 ESTOY LIBRE"
 Javivivivu," Las siguientes líneas desde aquí se omiten por motivos obvios xD
 JEZUUUU
 Estás libre?"
 Jdlmd," JAVIVIIIII
 ESTOY LIBRE"
 Javivivivu," Las siguientes líneas desde aquí se omiten por motivos obvios xD
 JEZUUUU
 Estás libre?"
 Jdlmd," JAVIVIIIII
 ESTOY LIBRE"
 Javivivivu," Las siguientes líneas desde aquí se omiten por motivos obvios xD
 JEZUUUU
 Estás libre?"
 Jdlmd," JAVIVIIIII
 ESTOY LIBRE"
 Javivivivu," Las siguientes líneas desde aquí se omiten por motivos obvios xD
 JEZUUUU
 Estás libre?"
 Jdlmd," JAVIVIIIII
 ESTOY LIBRE"
 Javivivivu," Las siguientes líneas desde aquí se omiten por motivos obvios xD
 JEZUUUU
 Estás libre?"
 Jdlmd," JAVIVIIIII
 ESTOY LIBRE"
 Javivivivu," Las siguientes líneas desde aquí se omiten por motivos obvios xD
 JEZUUUU
 Estás libre?"
 Jdlmd," JAVIVIIIII
 ESTOY LIBRE"
 Javivivivu," Las siguientes líneas desde aquí se omiten por motivos obvios xD
 JEZUUUU
 Estás libre?"
 Jdlmd," JAVIVIIIII
 ESTOY LIBRE"
 Javivivivu," Las siguientes líneas desde aquí se omiten por motivos obvios xD
 JEZUUUU
 Estás libre?"
 Jdlmd," JAVIVIIIII
 ESTOY LIBRE"
 Javivivivu," Las siguientes líneas desde aquí se omiten por motivos obvios xD
 JEZUUUU
 Estás libre?"
 Jdlmd," JAVIVIIIII
 ESTOY LIBRE"
 Javivivivu," Las siguientes líneas desde aquí se omiten por motivos obvios xD
 JEZUUUU
 Estás libre?"
 Jdlmd," JAVIVIIIII
 ESTOY LIBRE"
 Javivivivu," Las siguientes líneas desde aquí se omiten por motivos obvios xD
 JEZUUUU
 Estás libre?"
 Jdlmd," JAVIVIIIII
 ESTOY LIBRE"
 Javivivivu," Las siguientes líneas desde aquí se omiten por motivos obvios xD
 JEZUUUU
 Estás libre?"
 Jdlmd," JAVIVIIIII
 ESTOY LIBRE"
 Javivivivu," Las siguientes líneas desde aquí se omiten por motivos obvios xD
 JEZUUUU
 Estás libre?"
 Jdlmd," JAVIVIIIII
 ESTOY LIBRE"
 Javivivivu," Las siguientes líneas desde aquí se omiten por motivos obvios xD
 JEZUUUU
 Estás libre?"
 Jdlmd," JAVIVIIIII
 ESTOY LIBRE"
 Javivivivu," Las siguientes líneas desde aquí se omiten por motivos obvios xD
 JEZUUUU
 Estás libre?"
 Jdlmd," JAVIVIIIII
 ESTOY LIBRE"
 Javivivivu," Las siguientes líneas desde aquí se omiten por motivos obvios xD
 JEZUUUU
 Estás libre?"
 Jdlmd," JAVIVIIIII
 ESTOY LIBRE"
 Javivivivu," Las siguientes líneas desde aquí se omiten por motivos obvios xD
 JEZUUUU
 Estás libre?"
 Jdlmd," JAVIVIIIII
 ESTOY LIBRE"
 Javivivivu," Las siguientes líneas desde aquí se omiten por motivos obvios xD
 JEZUUUU
 Estás libre?"
 Jdlmd," JAVIVIIIII
 ESTOY LIBRE"
 Javivivivu," Las siguientes líneas desde aquí se omiten por motivos obvios xD
 JEZUUUU
 Estás libre?"
 Jdlmd," JAVIVIIIII
 ESTOY LIBRE"
 Javivivivu," Las siguientes líneas desde aquí se omiten por motivos obvios xD
 JEZUUUU
 Estás libre?"
 Jdlmd," JAVIVIIIII
 ESTOY LIBRE"
 Javivivivu," Las siguientes líneas desde aquí se omiten por motivos obvios xD
 JEZUUUU
 Estás libre?"
 Jdlmd," JAVIVIIIII
 ESTOY LIBRE"
 Javivivivu," Las siguientes líneas desde aquí se omiten por motivos obvios xD
 JEZUUUU
 Estás libre?"
 Jdlmd," JAVIVIIIII
 ESTOY LIBRE"
 Javivivivu," Las siguientes líneas desde aquí se omiten por motivos obvios xD
 JEZUUUU
 Estás libre?"
 Jdlmd," JAVIVIIIII
 ESTOY LIBRE"
 Javivivivu," Las siguientes líneas desde aquí se omiten por motivos obvios xD
 JEZUUUU
 Estás libre?"
 Jdlmd," JAVIVIIIII
 ESTOY LIBRE"
 Javivivivu," Las siguientes líneas desde aquí se omiten por motivos obvios xD
 JEZUUUU
 Estás libre?"
 Jdlmd," JAVIVIIIII
 ESTOY LIBRE"
 Javivivivu," Las siguientes líneas desde aquí se omiten por motivos obvios xD
 JEZUUUU
 Estás libre?"
 Jdlmd," JAVIVIIIII
 ESTOY LIBRE"
 Javivivivu," Las siguientes líneas desde aquí se omiten por motivos obvios xD
 JEZUUUU
 Estás libre?"
 Jdlmd," JAVIVIIIII
 ESTOY LIBRE"
 Javivivivu," Las siguientes líneas desde aquí se omiten por motivos obvios xD
 JEZUUUU
 Estás libre?"
 Jdlmd," JAVIVIIIII
 ESTOY LIBRE"
 Javivivivu," Las siguientes líneas desde aquí se omiten por motivos obvios xD
 JEZUUUU
 Estás libre?"
 Jdlmd," JAVIVIIIII
 ESTOY LIBRE"
 Javivivivu," Las siguientes líneas desde aquí se omiten por motivos obvios xD
 JEZUUUU
 Estás libre?"
 Jdlmd," JAVIVIIIII
 ESTOY LIBRE"
 Javivivivu," Las siguientes líneas desde aquí se omiten por motivos obvios xD
 JEZUUUU
 Estás libre?"
 Jdlmd," JAVIVIIIII
 ESTOY LIBRE"
 Javivivivu," Las siguientes líneas desde aquí se omiten por motivos obvios xD
 JEZUUUU
 Estás libre?"
 Jdlmd," JAVIVIIIII
 ESTOY LIBRE"
 Javivivivu," Las siguientes líneas desde aquí se omiten por motivos obvios xD
 JEZUUUU
 Estás libre?"
 Jdlmd," JAVIVIIIII
 ESTOY LIBRE"
 Javivivivu," Las siguientes líneas desde aquí se omiten por motivos obvios xD
 JEZUUUU
 Estás libre?"
 Jdlmd," JAVIVIIIII
 ESTOY LIBRE"
 Javivivivu," Las siguientes líneas desde aquí se omiten por motivos obvios xD
 JEZUUUU
 Estás libre?"
 Jdlmd," JAVIVIIIII
 ESTOY LIBRE"
 Javivivivu," Las siguientes líneas desde aquí se omiten por motivos obvios xD
 JEZUUUU
 Estás libre?"
 Jdlmd," JAVIVIIIII
 ESTOY LIBRE"
 Javivivivu," Las siguientes líneas desde aquí se omiten por motivos obvios xD
 JEZUUUU
 Estás libre?"
 Jdlmd," JAVIVIIIII
 ESTOY LIBRE"
 Javivivivu," Las siguientes líneas desde aquí se omiten por motivos obvios xD
 JEZUUUU
 Estás libre?"
 Jdlmd," JAVIVIIIII
 ESTOY LIBRE"
 Javivivivu," Las siguientes líneas desde aquí se omiten por motivos obvios xD
 JEZUUUU
 Estás libre?"
 Jdlmd," JAVIVIIIII
 ESTOY LIBRE"
 Javivivivu," Las siguientes líneas desde aquí se omiten por motivos obvios xD
 JEZUUUU
 Estás libre?"
 Jdlmd," JAVIVIIIII
 ESTOY LIBRE"
 Javivivivu," Las siguientes líneas desde aquí se omiten por motivos obvios xD
 JEZUUUU
 Estás libre?"
 Jdlmd," JAVIVIIIII
 ESTOY LIBRE"
 Javivivivu," Las siguientes líneas desde aquí se omiten por motivos obvios xD
 JEZUUUU
 Estás libre?"
 Jdlmd," JAVIVIIIII
 ESTOY LIBRE"
 Javivivivu," Las siguientes líneas desde aquí se omiten por motivos obvios xD
 JEZUUUU
 Estás libre?"
 Jdlmd," JAVIVIIIII
 ESTOY LIBRE"
 Javivivivu," Las siguientes líneas desde aquí se omiten por motivos obvios xD
 JEZUUUU
 Estás libre?"
 Jdlmd," JAVIVIIIII
 ESTOY LIBRE"
 Javivivivu," Las siguientes líneas desde aquí se omiten por motivos obvios xD
 JEZUUUU
 Estás libre?"
 Jdlmd," JAVIVIIIII
 ESTOY LIBRE"
 Javivivivu," Las siguientes líneas desde aquí se omiten por motivos obvios xD
 JEZUUUU
 Estás libre?"
 Jdlmd," JAVIVIIIII
 ESTOY LIBRE"
 Javivivivu," Las siguientes líneas desde aquí se omiten por motivos obvios xD
 JEZUUUU
 Estás libre?"
 Jdlmd," JAVIVIIIII
 ESTOY LIBRE"
 Javivivivu," Las siguientes líneas desde aquí se omiten por motivos obvios xD
 JEZUUUU
 Estás libre?"
 Jdlmd," JAVIVIIIII
 ESTOY LIBRE"
 Javivivivu," Las siguientes líneas desde aquí se omiten por motivos obvios xD
 JEZUUUU
 Estás libre?"
 Jdlmd," JAVIVIIIII
 ESTOY LIBRE"
 Javivivivu," Las siguientes líneas desde aquí se omiten por motivos obvios xD
 JEZUUUU
 Estás libre?"
 Jdlmd," JAVIVIIIII
 ESTOY LIBRE"
 Javivivivu," Las siguientes líneas desde aquí se omiten por motivos obvios xD
 JEZUUUU
 Estás libre?"
 Jdlmd," JAVIVIIIII
 ESTOY LIBRE"
 Javivivivu," Las siguientes líneas desde aquí se omiten por motivos obvios xD
 JEZUUUU
 Estás libre?"
 Jdlmd," JAVIVIIIII
 ESTOY LIBRE"
 Javivivivu," Las siguientes líneas desde aquí se omiten por motivos obvios xD
 JEZUUUU
 Estás libre?"
 Jdlmd," JAVIVIIIII
 ESTOY LIBRE"
 Javivivivu," Las siguientes líneas desde aquí se omiten por motivos obvios xD
 JEZUUUU
 Estás libre?"
 Jdlmd," JAVIVIIIII
 ESTOY LIBRE"
 Javivivivu," Las siguientes líneas desde aquí se omiten por motivos obvios xD
 JEZUUUU
 Estás libre?"
 Jdlmd," JAVIVIIIII
 ESTOY LIBRE"
 Javivivivu," Las siguientes líneas desde aquí se omiten por motivos obvios xD
 JEZUUUU
 Estás libre?"
 Jdlmd," JAVIVIIIII
 ESTOY LIBRE"
 Javivivivu," Las siguientes líneas desde aquí se omiten por motivos obvios xD
 JEZUUUU
 Estás libre?"
 Jdlmd," JAVIVIIIII
 ESTOY LIBRE"
 Javivivivu," Las siguientes líneas desde aquí se omiten por motivos obvios xD
 JEZUUUU
 Estás libre?"
 Jdlmd," JAVIVIIIII
 ESTOY LIBRE"
 Javivivivu," Las siguientes líneas desde aquí se omiten por motivos obvios xD
 JEZUUUU
 Estás libre?"
 Jdlmd," JAVIVIIIII
 ESTOY LIBRE"
 Javivivivu," Las siguientes líneas desde aquí se omiten por motivos obvios xD
 JEZUUUU
 Estás libre?"
 Jdlmd," JAVIVIIIII
 ESTOY LIBRE"
 Javivivivu," Las siguientes líneas desde aquí se omiten por motivos obvios xD
 JEZUUUU
 Estás libre?"
 Jdlmd," JAVIVIIIII
 ESTOY LIBRE"
 Javivivivu," Las siguientes líneas desde aquí se omiten por motivos obvios xD
 JEZUUUU
 Estás libre?"
 Jdlmd," JAVIVIIIII
 ESTOY LIBRE"
 Javivivivu," Las siguientes líneas desde aquí se omiten por motivos obvios xD
 JEZUUUU
 Estás libre?"
 Jdlmd," JAVIVIIIII
 ESTOY LIBRE"
 Javivivivu," Las siguientes líneas desde aquí se omiten por motivos obvios xD
 JEZUUUU
 Estás libre?"
 Jdlmd," JAVIVIIIII
 ESTOY LIBRE"
 Javivivivu," Las siguientes líneas desde aquí se omiten por motivos obvios xD
 JEZUUUU
 Estás libre?"
 Jdlmd," JAVIVIIIII
 ESTOY LIBRE"
 Javivivivu," Las siguientes líneas desde aquí se omiten por motivos obvios xD
 JEZUUUU
 Estás libre?"
 Jdlmd," JAVIVIIIII
 ESTOY LIBRE"
 Javivivivu," Las siguientes líneas desde aquí se omiten por motivos obvios xD
 JEZUUUU
 Estás libre?"
 Jdlmd," JAVIVIIIII
 ESTOY LIBRE"
 Javivivivu," Las siguientes líneas desde aquí se omiten por motivos obvios xD
 JEZUUUU
 Estás libre?"
 Jdlmd," JAVIVIIIII
 ESTOY LIBRE"
 Javivivivu," Las siguientes líneas desde aquí se omiten por motivos obvios xD
 JEZUUUU
 Estás libre?"
 Jdlmd," JAVIVIIIII
 ESTOY LIBRE"
 Javivivivu," Las siguientes líneas desde aquí se omiten por motivos obvios xD
 JEZUUUU
 Estás libre?"
 Jdlmd," JAVIVIIIII
 ESTOY LIBRE"
 Javivivivu," Las siguientes líneas desde aquí se omiten por motivos obvios xD
 JEZUUUU
 Estás libre?"
 Jdlmd," JAVIVIIIII
 ESTOY LIBRE"
 Javivivivu," Las siguientes líneas desde aquí se omiten por motivos obvios xD
 JEZUUUU
 Estás libre?"
 Jdlmd," JAVIVIIIII
 ESTOY LIBRE"
 Javivivivu," Las siguientes líneas desde aquí se omiten por motivos obvios xD
 JEZUUUU
 Estás libre?"
 Jdlmd," JAVIVIIIII
 ESTOY LIBRE"
 Javivivivu," Las siguientes líneas desde aquí se omiten por motivos obvios xD
 JEZUUUU
 Estás libre?"
 Jdlmd," JAVIVIIIII
 ESTOY LIBRE"
 Javivivivu," Las siguientes líneas desde aquí se omiten por motivos obvios xD
 JEZUUUU
 Estás libre?"
 Jdlmd," JAVIVIIIII
 ESTOY LIBRE"
 Javivivivu," Las siguientes líneas desde aquí se omiten por motivos obvios xD
 JEZUUUU
 Estás libre?"
 Jdlmd," JAVIVIIIII
 ESTOY LIBRE"
 Javivivivu," Las siguientes líneas desde aquí se omiten por motivos obvios xD
 JEZUUUU
 Estás libre?"
 Jdlmd," JAVIVIIIII
 ESTOY LIBRE"
 Javivivivu," Las siguientes líneas desde aquí se omiten por motivos obvios xD
 JEZUUUU
 Estás libre?"
 Jdlmd," JAVIVIIIII
 ESTOY LIBRE"
 Javivivivu," Las siguientes líneas desde aquí se omiten por motivos obvios xD
 JEZUUUU
 Estás libre?"
 Jdlmd," JAVIVIIIII
 ESTOY LIBRE"
 Javivivivu," Las siguientes líneas desde aquí se omiten por motivos obvios xD
 JEZUUUU
 Estás libre?"
 Jdlmd," JAVIVIIIII
 ESTOY LIBRE"
 Javivivivu," Las siguientes líneas desde aquí se omiten por motivos obvios xD
 JEZUUUU
 Estás libre?"
 Jdlmd," JAVIVIIIII
 ESTOY LIBRE"
 Javivivivu," Las siguientes líneas desde aquí se omiten por motivos obvios xD
 JEZUUUU
 Estás libre?"
 Jdlmd," JAVIVIIIII
 ESTOY LIBRE"
 Javivivivu," Las siguientes líneas desde aquí se omiten por motivos obvios xD
 JEZUUUU
 Estás libre?"
 Jdlmd," JAVIVIIIII
 ESTOY LIBRE"
 Javivivivu," Las siguientes líneas desde aquí se omiten por motivos obvios xD
 JEZUUUU
 Estás libre?"
 Jdlmd," JAVIVIIIII
 ESTOY LIBRE"
 Javivivivu," Las siguientes líneas desde aquí se omiten por motivos obvios xD
 JEZUUUU
 Estás libre?"
 Jdlmd," JAVIVIIIII
 ESTOY LIBRE"
 Javivivivu," Las siguientes líneas desde aquí se omiten por motivos obvios xD
 JEZUUUU
 Estás libre?"
 Jdlmd," JAVIVIIIII
 ESTOY LIBRE"
 Javivivivu," Las siguientes líneas desde aquí se omiten por motivos obvios xD
 JEZUUUU
 Estás libre?"
 Jdlmd," JAVIVIIIII
 ESTOY LIBRE"
 Javivivivu," Las siguientes líneas desde aquí se omiten por motivos obvios xD
 JEZUUUU
 Estás libre?"
 Jdlmd," JAVIVIIIII
 ESTOY LIBRE"
 Javivivivu," Las siguientes líneas desde aquí se omiten por motivos obvios xD
 JEZUUUU
 Estás libre?"
 Jdlmd," JAVIVIIIII
 ESTOY LIBRE"
 Javivivivu," Las siguientes líneas desde aquí se omiten por motivos obvios xD
 JEZUUUU
 Estás libre?"
 Jdlmd," JAVIVIIIII
 ESTOY LIBRE"
 Javivivivu," Las siguientes líneas desde aquí se omiten por motivos obvios xD
 JEZUUUU
 Estás libre?"
 Jdlmd," JAVIVIIIII
 ESTOY LIBRE"
 Javivivivu," Las siguientes líneas desde aquí se omiten por motivos obvios xD
 JEZUUUU
 Estás libre?"
 Jdlmd," JAVIVIIIII
 ESTOY LIBRE"
 Javivivivu," Las siguientes líneas desde aquí se omiten por motivos obvios xD
 JEZUUUU
 Estás libre?"
 Jdlmd," JAVIVIIIII
 ESTOY LIBRE"
 Javivivivu," Las siguientes líneas desde aquí se omiten por motivos obvios xD
 JEZUUUU
 Estás libre?"
 Jdlmd," JAVIVIIIII
 ESTOY LIBRE"
 Javivivivu," Las siguientes líneas desde aquí se omiten por motivos obvios xD
 JEZUUUU
 Estás libre?"
 Jdlmd," JAVIVIIIII
 ESTOY LIBRE"
 Javivivivu," Las siguientes líneas desde aquí se omiten por motivos obvios xD
 JEZUUUU
 Estás libre?"
 Jdlmd," JAVIVIIIII
 ESTOY LIBRE"
 Javivivivu," Las siguientes líneas desde aquí se omiten por motivos obvios xD
 JEZUUUU
 Estás libre?"
 Jdlmd," JAVIVIIIII
 ESTOY LIBRE"
 Javivivivu," Las siguientes líneas desde aquí se omiten por motivos obvios xD
 JEZUUUU
 Estás libre?"
 Jdlmd," JAVIVIIIII
 ESTOY LIBRE"
 Javivivivu," Las siguientes líneas desde aquí se omiten por motivos obvios xD
 JEZUUUU
 Estás libre?"
 Jdlmd," JAVIVIIIII
 ESTOY LIBRE"
 Javivivivu," Las siguientes líneas desde aquí se omiten por motivos obvios xD
 JEZUUUU
 Estás libre?"
 Jdlmd," JAVIVIIIII
 ESTOY LIBRE"
 Javivivivu," Las siguientes líneas desde aquí se omiten por motivos obvios xD
 JEZUUUU
 Estás libre?"
 Jdlmd," JAVIVIIIII
 ESTOY LIBRE"
 Javivivivu," Las siguientes líneas desde aquí se omiten por motivos obvios xD
 JEZUUUU
 Estás libre?"
 Jdlmd," JAVIVIIIII
 ESTOY LIBRE"
 Javivivivu," Las siguientes líneas desde aquí se omiten por motivos obvios xD
 JEZUUUU
 Estás libre?"
 Jdlmd," JAVIVIIIII
 ESTOY LIBRE"
 Javivivivu," Las siguientes líneas desde aquí se omiten por motivos obvios xD
 JEZUUUU
 Estás libre?"
 Jdlmd," JAVIVIIIII
 ESTOY LIBRE"
 Javivivivu," Las siguientes líneas desde aquí se omiten por motivos obvios xD
 JEZUUUU
 Estás libre?"
 Jdlmd," JAVIVIIIII
 ESTOY LIBRE"
 Javivivivu," Las siguientes líneas desde aquí se omiten por motivos obvios xD
 JEZUUUU
 Estás libre?"
 Jdlmd," JAVIVIIIII
 ESTOY LIBRE"
 Javivivivu," Las siguientes líneas desde aquí se omiten por motivos obvios xD
 JEZUUUU
 Estás libre?"
 Jdlmd," JAVIVIIIII
 ESTOY LIBRE"
 Javivivivu," Las siguientes líneas desde aquí se omiten por motivos obvios xD
 JEZUUUU
 Estás libre?"
 Jdlmd," JAVIVIIIII
 ESTOY LIBRE"
 Javivivivu," Las siguientes líneas desde aquí se omiten por motivos obvios xD
 JEZUUUU
 Estás libre?"
 Jdlmd," JAVIVIIIII
 ESTOY LIBRE"
 Javivivivu," Las siguientes líneas desde aquí se omiten por motivos obvios xD
 JEZUUUU
 Estás libre?"
 Jdlmd," JAVIVIIIII
 ESTOY LIBRE"
 Javivivivu," Las siguientes líneas desde aquí se omiten por motivos obvios xD
 JEZUUUU
 Estás libre?"
 Jdlmd," JAVIVIIIII
 ESTOY LIBRE"
 Javivivivu," Las siguientes líneas desde aquí se omiten por motivos obvios xD
 JEZUUUU
 Estás libre?"
 Jdlmd," JAVIVIIIII
 ESTOY LIBRE"
 Javivivivu," Las siguientes líneas desde aquí se omiten por motivos obvios xD
 JEZUUUU
 Estás libre?"
 Jdlmd," JAVIVIIIII
 ESTOY LIBRE"
 Javivivivu," Las siguientes líneas desde aquí se omiten por motivos obvios xD
 JEZUUUU
 Estás libre?"
 Jdlmd," JAVIVIIIII
 ESTOY LIBRE"
 Javivivivu," Las siguientes líneas desde aquí se omiten por motivos obvios xD
 JEZUUUU
 Estás libre?"
 Jdlmd," JAVIVIIIII
 ESTOY LIBRE"
 Javivivivu," Las siguientes líneas desde aquí se omiten por motivos obvios xD
 JEZUUUU
 Estás libre?"
 Jdlmd," JAVIVIIIII
 ESTOY LIBRE"
 Javivivivu," Las siguientes líneas desde aquí se omiten por motivos obvios xD
 JEZUUUU
 Estás libre?"
 Jdlmd," JAVIVIIIII
 ESTOY LIBRE"
 Javivivivu," Las siguientes líneas desde aquí se omiten por motivos obvios xD
 JEZUUUU
 Estás libre?"
 Jdlmd," JAVIVIIIII
 ESTOY LIBRE"
 Javivivivu," Las siguientes líneas desde aquí se omiten por motivos obvios xD
 JEZUUUU
 Estás libre?"
 Jdlmd," JAVIVIIIII
 ESTOY LIBRE"
 Javivivivu," Las siguientes líneas desde aquí se omiten por motivos obvios xD
 JEZUUUU
 Estás libre?"
 Jdlmd," JAVIVIIIII
 ESTOY LIBRE"
 Javivivivu," Las siguientes líneas desde aquí se omiten por motivos obvios xD
 JEZUUUU
 Estás libre?"
 Jdlmd," JAVIVIIIII
 ESTOY LIBRE"
 Javivivivu," Las siguientes líneas desde aquí se omiten por motivos obvios xD
 JEZUUUU
 Estás libre?"
 Jdlmd," JAVIVIIIII
 ESTOY LIBRE"
 Javivivivu," Las siguientes líneas desde aquí se omiten por motivos obvios xD
 JEZUUUU
 Estás libre?"
 Jdlmd," JAVIVIIIII
 ESTOY LIBRE"
 Javivivivu," Las siguientes líneas desde aquí se omiten por motivos obvios xD
 JEZUUUU
 Estás libre?"
 Jdlmd," JAVIVIIIII
 ESTOY LIBRE"
 Javivivivu," Las siguientes líneas desde aquí se omiten por motivos obvios xD
 JEZUUUU
 Estás libre?"
 Jdlmd," JAVIVIIIII
 ESTOY LIBRE"
 Javivivivu," Las siguientes líneas desde aquí se omiten por motivos obvios xD
 JEZUUUU
 Estás libre?"
 Jdlmd," JAVIVIIIII
 ESTOY LIBRE"
 Javivivivu," Las siguientes líneas desde aquí se omiten por motivos obvios xD
 JEZUUUU
 Estás libre?"
 Jdlmd," JAVIVIIIII
 ESTOY LIBRE"
 Javivivivu," Las siguientes líneas desde aquí se omiten por motivos obvios xD
 JEZUUUU
 Estás libre?"
 Jdlmd," JAVIVIIIII
 ESTOY LIBRE"
 Javivivivu," Las siguientes líneas desde aquí se omiten por motivos obvios xD
 JEZUUUU
 Estás libre?"
 Jdlmd," JAVIVIIIII
 ESTOY LIBRE"
 Javivivivu," Las siguientes líneas desde aquí se omiten por motivos obvios xD
 JEZUUUU
 Estás libre?"
 Jdlmd," JAVIVIIIII
 ESTOY LIBRE"
 Javivivivu," Las siguientes líneas desde aquí se omiten por motivos obvios xD
 JEZUUUU
 Estás libre?"
 Jdlmd," JAVIVIIIII
 ESTOY LIBRE"
 Javivivivu," Las siguientes líneas desde aquí se omiten por motivos obvios xD
 JEZUUUU
 Estás libre?"
 Jdlmd," JAVIVIIIII
 ESTOY LIBRE"
 Javivivivu," Las siguientes líneas desde aquí se omiten por motivos obvios xD
 JEZUUUU
 Estás libre?"
 Jdlmd," JAVIVIIIII
 ESTOY LIBRE"
 Javivivivu," Las siguientes líneas desde aquí se omiten por motivos obvios xD
 JEZUUUU
 Estás libre?"
 Jdlmd," JAVIVIIIII
 ESTOY LIBRE"
 Javivivivu," Las siguientes líneas desde aquí se omiten por motivos obvios xD
 JEZUUUU
 Estás libre?"
 Jdlmd," JAVIVIIIII
 ESTOY LIBRE"
 Javivivivu," Las siguientes líneas desde aquí se omiten por motivos obvios xD
 JEZUUUU
 Estás libre?"
 Jdlmd," JAVIVIIIII
 ESTOY LIBRE"
 Javivivivu," Las siguientes líneas desde aquí se omiten por motivos obvios xD
 JEZUUUU
 Estás libre?"
 Jdlmd," JAVIVIIIII
 ESTOY LIBRE"
 Javivivivu," Las siguientes líneas desde aquí se omiten por motivos obvios xD
 JEZUUUU
 Estás libre?"
 Jdlmd," JAVIVIIIII
 ESTOY LIBRE"
 Javivivivu," Las siguientes líneas desde aquí se omiten por motivos obvios xD
 JEZUUUU
 Estás libre?"
 Jdlmd," JAVIVIIIII
 ESTOY LIBRE"
 Javivivivu," Las siguientes líneas desde aquí se omiten por motivos obvios xD
 JEZUUUU
 Estás libre?"
 Jdlmd," JAVIVIIIII
 ESTOY LIBRE"
 Javivivivu," Las siguientes líneas desde aquí se omiten por motivos obvios xD
 JEZUUUU
 Estás libre?"
 Jdlmd," JAVIVIIIII
 ESTOY LIBRE"
 Javivivivu," Las siguientes líneas desde aquí se omiten por motivos obvios xD
 JEZUUUU
 Estás libre?"
 Jdlmd," JAVIVIIIII
 ESTOY LIBRE"
 Javivivivu," Las siguientes líneas desde aquí se omiten por motivos obvios xD
 JEZUUUU
 Estás libre?"
 Jdlmd," JAVIVIIIII
 ESTOY LIBRE"
 Javivivivu," Las siguientes líneas desde aquí se omiten por motivos obvios xD
 JEZUUUU
 Estás libre?"
 Jdlmd," JAVIVIIIII
 ESTOY LIBRE"
 Javivivivu," Las siguientes líneas desde aquí se omiten por motivos obvios xD
 JEZUUUU
 Estás libre?"
 Jdlmd," JAVIVIIIII
 ESTOY LIBRE"
 Javivivivu," Las siguientes líneas desde aquí se omiten por motivos obvios xD
 JEZUUUU
 Estás libre?"
 Jdlmd," JAVIVIIIII
 ESTOY LIBRE"
 Javivivivu," Las siguientes líneas desde aquí se omiten por motivos obvios xD
 JEZUUUU
 Estás libre?"
 Jdlmd," JAVIVIIIII
 ESTOY LIBRE"
 Javivivivu," Las siguientes líneas desde aquí se omiten por motivos obvios xD
 JEZUUUU
 Estás libre?"
 Jdlmd," JAVIVIIIII
 ESTOY LIBRE"
 Javivivivu," Las siguientes líneas desde aquí se omiten por motivos obvios xD
 JEZUUUU
 Estás libre?"
 Jdlmd," JAVIVIIIII
 ESTOY LIBRE"
 Javivivivu," Las siguientes líneas desde aquí se omiten por motivos obvios xD
 JEZUUUU
 Estás libre?"
 Jdlmd," JAVIVIIIII
 ESTOY LIBRE"
 Javivivivu," Las siguientes líneas desde aquí se omiten por motivos obvios xD
 JEZUUUU
 Estás libre?"
 Jdlmd," JAVIVIIIII
 ESTOY LIBRE"
 Javivivivu," Las siguientes líneas desde aquí se omiten por motivos obvios xD
 JEZUUUU
 Estás libre?"
 Jdlmd," JAVIVIIIII
 ESTOY LIBRE"
 Javivivivu," Las siguientes líneas desde aquí se omiten por motivos obvios xD
 JEZUUUU
 Estás libre?"
 Jdlmd," JAVIVIIIII
 ESTOY LIBRE"
 Javivivivu," Las siguientes líneas desde aquí se omiten por motivos obvios xD
 JEZUUUU
 Estás libre?"
 Jdlmd," JAVIVIIIII
 ESTOY LIBRE"
 Javivivivu," Las siguientes líneas desde aquí se omiten por motivos obvios xD
 JEZUUUU
 Estás libre?"
 Jdlmd," JAVIVIIIII
 ESTOY LIBRE"
 Javivivivu," Las siguientes líneas desde aquí se omiten por motivos obvios xD
 JEZUUUU
 Estás libre?"
 Jdlmd," JAVIVIIIII
 ESTOY LIBRE"
 Javivivivu," Las siguientes líneas desde aquí se omiten por motivos obvios xD
 JEZUUUU
 Estás libre?"
 Jdlmd," JAVIVIIIII
 ESTOY LIBRE"
 Javivivivu," Las siguientes líneas desde aquí se omiten por motivos obvios xD
 JEZUUUU
 Estás libre?"
 Jdlmd," JAVIVIIIII
 ESTOY LIBRE"
 Javivivivu," Las siguientes líneas desde aquí se omiten por motivos obvios xD
 JEZUUUU
 Estás libre?"
 Jdlmd," JAVIVIIIII
 ESTOY LIBRE"
 Javivivivu," Las siguientes líneas desde aquí se omiten por motivos obvios xD
 JEZUUUU
 Estás libre?"
 Jdlmd," JAVIVIIIII
 ESTOY LIBRE"
 Javivivivu," Las siguientes líneas desde aquí se omiten por motivos obvios xD
 JEZUUUU
 Estás libre?"
 Jdlmd," JAVIVIIIII
 ESTOY LIBRE"
 Javivivivu," Las siguientes líneas desde aquí se omiten por motivos obvios xD
 JEZUUUU
 Estás libre?"
 Jdlmd," JAVIVIIIII
 ESTOY LIBRE"
 Javivivivu," Las siguientes líneas desde aquí se omiten por motivos obvios xD
 JEZUUUU
 Estás libre?"
 Jdlmd," JAVIVIIIII
 ESTOY LIBRE"
 Javivivivu," Las siguientes líneas desde aquí se omiten por motivos obvios xD
 JEZUUUU
 Estás libre?"
 Jdlmd," JAVIVIIIII
 ESTOY LIBRE"
 Javivivivu," Las siguientes líneas desde aquí se omiten por motivos obvios xD
 JEZUUUU
 Estás libre?"
 Jdlmd," JAVIVIIIII
 ESTOY LIBRE"
 Javivivivu," Las siguientes líneas desde aquí se omiten por motivos obvios xD
 JEZUUUU
 Estás libre?"
 Jdlmd," JAVIVIIIII
 ESTOY LIBRE"
 Javivivivu," Las siguientes líneas desde aquí se omiten por motivos obvios xD
 JEZUUUU
 Estás libre?"
 Jdlmd," JAVIVIIIII
 ESTOY LIBRE"
 Javivivivu," Las siguientes líneas desde aquí se omiten por motivos obvios xD
 JEZUUUU
 Estás libre?"
 Jdlmd," JAVIVIIIII
 ESTOY LIBRE"
 Javivivivu," Las siguientes líneas desde aquí se omiten por motivos obvios xD
 JEZUUUU
 Estás libre?"
 Jdlmd," JAVIVIIIII
 ESTOY LIBRE"
 Javivivivu," Las siguientes líneas desde aquí se omiten por motivos obvios xD
 JEZUUUU
 Estás libre?"
 Jdlmd," JAVIVIIIII
 ESTOY LIBRE"
 Javivivivu," Las siguientes líneas desde aquí se omiten por motivos obvios xD
 JEZUUUU
 Estás libre?"
 Jdlmd," JAVIVIIIII
 ESTOY LIBRE"
 Javivivivu," Las siguientes líneas desde aquí se omiten por motivos obvios xD
 JEZUUUU
 Estás libre?"
 Jdlmd," JAVIVIIIII
 ESTOY LIBRE"
 Javivivivu," Las siguientes líneas desde aquí se omiten por motivos obvios xD
 JEZUUUU
 Estás libre?"
 Jdlmd," JAVIVIIIII
 ESTOY LIBRE"
 Javivivivu," Las siguientes líneas desde aquí se omiten por motivos obvios xD
 JEZUUUU
 Estás libre?"
 Jdlmd," JAVIVIIIII
 ESTOY LIBRE"
 Javivivivu," Las siguientes líneas desde aquí se omiten por motivos obvios xD
 JEZUUUU
 Estás libre?"
 Jdlmd," JAVIVIIIII
 ESTOY LIBRE"
 Javivivivu, Las siguientes líneas desde aquí se omiten por motivos obvios xD
